feature,importance
Income,0.24072831723782634
LoanAmount,0.23043592238514837
Age,0.17023057644110282
CreditScore,0.1573780832170925
LoanTerm,0.07766261808367073
PreviousDefault,0.07392363261093911
EmploymentType,0.026882247635896462
ResidenceType,0.02275860238832375
